id01_13day_total	1	b10818688a9931ed72fab59cc40adb54a2a27a13f0f1cfa3b4e9fb77824608cd	1.092739	e1693b38-e807-4275-a5d9-fc5b89b87ecd	{"read_rows":"8193","read_bytes":"278529","written_rows":"0","written_bytes":"0","total_rows_to_read":"8193","result_rows":"1","result_bytes":"1684","elapsed_ns":"57823729","memory_usage":"6114171"}
id01_13day_total	2	b10818688a9931ed72fab59cc40adb54a2a27a13f0f1cfa3b4e9fb77824608cd	1.069872	42245312-b62a-4993-b5d5-61c4c7a791dd	{"read_rows":"8193","read_bytes":"278529","written_rows":"0","written_bytes":"0","total_rows_to_read":"8193","result_rows":"1","result_bytes":"1684","elapsed_ns":"46170919","memory_usage":"6159351"}
id01_13day_total	3	b10818688a9931ed72fab59cc40adb54a2a27a13f0f1cfa3b4e9fb77824608cd	0.413501	61855d99-076d-4b9b-bc2e-04ca24708757	{"read_rows":"8193","read_bytes":"278529","written_rows":"0","written_bytes":"0","total_rows_to_read":"8193","result_rows":"1","result_bytes":"1684","elapsed_ns":"43942987","memory_usage":"6013412"}
ih01_hour_series_day	1	3efa9c4b381a5f5259f50ef28087fc24da56402b21a43321562b34ee37bc8ff2	1.044294	dffbe651-f03c-46d5-a135-f39461c0cd77	{"read_rows":"8192","read_bytes":"352256","written_rows":"0","written_bytes":"0","total_rows_to_read":"8192","result_rows":"12","result_bytes":"1056","elapsed_ns":"7508116","memory_usage":"3678061"}
ih01_hour_series_day	2	3efa9c4b381a5f5259f50ef28087fc24da56402b21a43321562b34ee37bc8ff2	0.450116	8a9d59e9-6ae1-4844-9340-20b5ee4476e9	{"read_rows":"8192","read_bytes":"352256","written_rows":"0","written_bytes":"0","total_rows_to_read":"8192","result_rows":"12","result_bytes":"1056","elapsed_ns":"24867521","memory_usage":"3678463"}
ih01_hour_series_day	3	3efa9c4b381a5f5259f50ef28087fc24da56402b21a43321562b34ee37bc8ff2	0.387863	6b687335-7cd1-47a5-8e9a-f77c22d147b4	{"read_rows":"8192","read_bytes":"352256","written_rows":"0","written_bytes":"0","total_rows_to_read":"8192","result_rows":"12","result_bytes":"1056","elapsed_ns":"6446746","memory_usage":"3678061"}
im01_ragged_total	1	f57be8715eb795a3ffd0a6cfd570e0f5f0e3a806f2d32440d8cb76a4461bdf07	1.091839	0b60628f-88fe-40b1-aea4-a759e824a342	{"read_rows":"34815","read_bytes":"597993","written_rows":"0","written_bytes":"0","total_rows_to_read":"34815","result_rows":"1","result_bytes":"1684","elapsed_ns":"37670562","memory_usage":"5819274"}
im01_ragged_total	2	f57be8715eb795a3ffd0a6cfd570e0f5f0e3a806f2d32440d8cb76a4461bdf07	0.413225	41db2849-8915-4874-a653-369f60ebf33d	{"read_rows":"34815","read_bytes":"597993","written_rows":"0","written_bytes":"0","total_rows_to_read":"34815","result_rows":"1","result_bytes":"1684","elapsed_ns":"50563692","memory_usage":"6003825"}
im01_ragged_total	3	f57be8715eb795a3ffd0a6cfd570e0f5f0e3a806f2d32440d8cb76a4461bdf07	1.050688	b9117358-89f5-4a75-a97a-051a081c504e	{"read_rows":"34815","read_bytes":"597993","written_rows":"0","written_bytes":"0","total_rows_to_read":"34815","result_rows":"1","result_bytes":"1684","elapsed_ns":"27131683","memory_usage":"5809874"}
im02_aligned_total	1	d24d52db1ded50448fa1462868b2ddc4a44ef49d51b5eff852e4e08590760c20	0.457138	ac708668-4d5c-4701-80d0-a4d7129756d0	{"read_rows":"8193","read_bytes":"278529","written_rows":"0","written_bytes":"0","total_rows_to_read":"8193","result_rows":"1","result_bytes":"1684","elapsed_ns":"25984392","memory_usage":"5990676"}
im02_aligned_total	2	d24d52db1ded50448fa1462868b2ddc4a44ef49d51b5eff852e4e08590760c20	0.425850	85a88d27-4fd9-4d75-b0ba-bb77ea4c838a	{"read_rows":"8193","read_bytes":"278529","written_rows":"0","written_bytes":"0","total_rows_to_read":"8193","result_rows":"1","result_bytes":"1684","elapsed_ns":"26676683","memory_usage":"5992388"}
im02_aligned_total	3	d24d52db1ded50448fa1462868b2ddc4a44ef49d51b5eff852e4e08590760c20	0.414883	3d994cf5-2958-4e4f-a9e1-b97b3e3f77bb	{"read_rows":"8193","read_bytes":"278529","written_rows":"0","written_bytes":"0","total_rows_to_read":"8193","result_rows":"1","result_bytes":"1684","elapsed_ns":"42689465","memory_usage":"6013484"}
im03_ragged_platform	1	be982ae6dd365730d20a6d096f4db29ea4fb960bd5f1ef5db10b966557e08a2e	0.436177	68dc3ff4-e9aa-4c7b-9f06-f683fd293475	{"read_rows":"24577","read_bytes":"491521","written_rows":"0","written_bytes":"0","total_rows_to_read":"24577","result_rows":"1","result_bytes":"6036","elapsed_ns":"30218936","memory_usage":"5833304"}
im03_ragged_platform	2	be982ae6dd365730d20a6d096f4db29ea4fb960bd5f1ef5db10b966557e08a2e	0.385887	f025a092-9585-4846-9dda-4090210cc17e	{"read_rows":"24577","read_bytes":"491521","written_rows":"0","written_bytes":"0","total_rows_to_read":"24577","result_rows":"1","result_bytes":"6036","elapsed_ns":"32520357","memory_usage":"5839696"}
im03_ragged_platform	3	be982ae6dd365730d20a6d096f4db29ea4fb960bd5f1ef5db10b966557e08a2e	1.076489	74e933de-a680-41c8-965c-97fa71817503	{"read_rows":"24577","read_bytes":"491521","written_rows":"0","written_bytes":"0","total_rows_to_read":"24577","result_rows":"1","result_bytes":"6036","elapsed_ns":"29438915","memory_usage":"5833112"}
im04_ragged_platform_content	1	6189cc1a05238487e4ec89f01e872e6758242c9a444f9643d1c516df86e5bcfc	0.512131	21f9e954-ad7a-4710-a0fb-8f9355218508	{"read_rows":"16385","read_bytes":"368433","written_rows":"0","written_bytes":"0","total_rows_to_read":"16385","result_rows":"1","result_bytes":"6292","elapsed_ns":"34423089","memory_usage":"5849914"}
im04_ragged_platform_content	2	6189cc1a05238487e4ec89f01e872e6758242c9a444f9643d1c516df86e5bcfc	0.409983	8d893484-96a9-48ba-a66c-44f9f5c12c3c	{"read_rows":"16385","read_bytes":"368433","written_rows":"0","written_bytes":"0","total_rows_to_read":"16385","result_rows":"1","result_bytes":"6292","elapsed_ns":"36752151","memory_usage":"5849794"}
im04_ragged_platform_content	3	6189cc1a05238487e4ec89f01e872e6758242c9a444f9643d1c516df86e5bcfc	0.386544	d2bdec23-5081-4e92-beec-22cab0722137	{"read_rows":"16385","read_bytes":"368433","written_rows":"0","written_bytes":"0","total_rows_to_read":"16385","result_rows":"1","result_bytes":"6292","elapsed_ns":"27413333","memory_usage":"5849658"}
im05_same_hour_ragged_total	1	8e49d8aa009a6dabac1e85b30ec0ded3a18f9b3eb43f54102a94aad94e383094	0.409212	b50a98c0-2525-4fc8-95b2-9e3ef6ecd700	{"read_rows":"34815","read_bytes":"597993","written_rows":"0","written_bytes":"0","total_rows_to_read":"34815","result_rows":"1","result_bytes":"1684","elapsed_ns":"29753715","memory_usage":"5798698"}
im05_same_hour_ragged_total	2	8e49d8aa009a6dabac1e85b30ec0ded3a18f9b3eb43f54102a94aad94e383094	1.076239	97e37e6f-e3aa-48bf-ba35-ef2a9df163b1	{"read_rows":"34815","read_bytes":"597993","written_rows":"0","written_bytes":"0","total_rows_to_read":"34815","result_rows":"1","result_bytes":"1684","elapsed_ns":"36668331","memory_usage":"5769102"}
im05_same_hour_ragged_total	3	8e49d8aa009a6dabac1e85b30ec0ded3a18f9b3eb43f54102a94aad94e383094	0.392841	610a46aa-8512-48e3-a988-e72edcb9ee54	{"read_rows":"34815","read_bytes":"597993","written_rows":"0","written_bytes":"0","total_rows_to_read":"34815","result_rows":"1","result_bytes":"1684","elapsed_ns":"29852795","memory_usage":"5798618"}
im06_minute_curve_range	1	59cc862ee7c1558162146e851bd3314ded2489c937b574b1fe4601f761b94a7b	1.071084	97182ed2-8c24-4deb-8942-3d23ffff8a58	{"read_rows":"26622","read_bytes":"319464","written_rows":"0","written_bytes":"0","total_rows_to_read":"26622","result_rows":"74","result_bytes":"5188","elapsed_ns":"8221747","memory_usage":"4140357"}
im06_minute_curve_range	2	59cc862ee7c1558162146e851bd3314ded2489c937b574b1fe4601f761b94a7b	0.378576	afe35e0b-2b5d-4062-a937-87818592684c	{"read_rows":"26622","read_bytes":"319464","written_rows":"0","written_bytes":"0","total_rows_to_read":"26622","result_rows":"74","result_bytes":"5188","elapsed_ns":"8206007","memory_usage":"4140069"}
im06_minute_curve_range	3	59cc862ee7c1558162146e851bd3314ded2489c937b574b1fe4601f761b94a7b	1.029112	c3f71b97-4c79-4a72-99e9-814bb74068ee	{"read_rows":"26622","read_bytes":"319464","written_rows":"0","written_bytes":"0","total_rows_to_read":"26622","result_rows":"74","result_bytes":"5188","elapsed_ns":"7945257","memory_usage":"4139909"}
pd01_day_total	1	dc7e196283c87034aa8074b2e49cfa48793af4d2dbf75ae46c6f076e39b1d445	0.387266	0005cdbb-388c-4b60-8c2c-2a0df83e0231	{"read_rows":"8192","read_bytes":"286720","written_rows":"0","written_bytes":"0","total_rows_to_read":"8192","result_rows":"1","result_bytes":"932","elapsed_ns":"8605507","memory_usage":"5469706"}
pd01_day_total	2	dc7e196283c87034aa8074b2e49cfa48793af4d2dbf75ae46c6f076e39b1d445	1.039199	03d59860-9986-4183-91b2-83a441393569	{"read_rows":"8192","read_bytes":"286720","written_rows":"0","written_bytes":"0","total_rows_to_read":"8192","result_rows":"1","result_bytes":"932","elapsed_ns":"7962257","memory_usage":"5469882"}
pd01_day_total	3	dc7e196283c87034aa8074b2e49cfa48793af4d2dbf75ae46c6f076e39b1d445	0.378890	256ed8d8-93e4-4847-b57e-80c62b6bfc1e	{"read_rows":"8192","read_bytes":"286720","written_rows":"0","written_bytes":"0","total_rows_to_read":"8192","result_rows":"1","result_bytes":"932","elapsed_ns":"8373117","memory_usage":"5469722"}
pd02_day_platform	1	b5471abcdeb3578a32e8b058bdc023c3c0042fb94bc06f8975cbb18f4e3ea74d	1.046216	2ebac182-cb77-480d-9ea0-1bb546e848a7	{"read_rows":"8192","read_bytes":"286720","written_rows":"0","written_bytes":"0","total_rows_to_read":"8192","result_rows":"1","result_bytes":"3621","elapsed_ns":"9054578","memory_usage":"4994214"}
pd02_day_platform	2	b5471abcdeb3578a32e8b058bdc023c3c0042fb94bc06f8975cbb18f4e3ea74d	1.076570	500a88f6-4b35-4743-8a8c-84f433689cdc	{"read_rows":"8192","read_bytes":"286720","written_rows":"0","written_bytes":"0","total_rows_to_read":"8192","result_rows":"1","result_bytes":"3621","elapsed_ns":"9089258","memory_usage":"4994166"}
pd02_day_platform	3	b5471abcdeb3578a32e8b058bdc023c3c0042fb94bc06f8975cbb18f4e3ea74d	0.366551	b5e1f2d5-2ff7-45d7-a5ef-125e978c5f55	{"read_rows":"8192","read_bytes":"286720","written_rows":"0","written_bytes":"0","total_rows_to_read":"8192","result_rows":"1","result_bytes":"3621","elapsed_ns":"9536288","memory_usage":"4993958"}
pd03_day_platform_content	1	49bcad65f77a206057446e9bb88db4512a8087f1a235aaa28b7a21f8af22e083	0.421519	f1dcb480-ffd4-4689-b9f2-1d765eb12cb8	{"read_rows":"8192","read_bytes":"286720","written_rows":"0","written_bytes":"0","total_rows_to_read":"8192","result_rows":"1","result_bytes":"3765","elapsed_ns":"9617778","memory_usage":"5006838"}
pd03_day_platform_content	2	49bcad65f77a206057446e9bb88db4512a8087f1a235aaa28b7a21f8af22e083	0.383567	5a42f112-39f1-43cb-bcff-de5b3bc757ac	{"read_rows":"8192","read_bytes":"286720","written_rows":"0","written_bytes":"0","total_rows_to_read":"8192","result_rows":"1","result_bytes":"3765","elapsed_ns":"9212738","memory_usage":"5006678"}
pd03_day_platform_content	3	49bcad65f77a206057446e9bb88db4512a8087f1a235aaa28b7a21f8af22e083	0.364624	7c704d80-25b9-42f9-b0d0-5dbbef9eb74a	{"read_rows":"8192","read_bytes":"286720","written_rows":"0","written_bytes":"0","total_rows_to_read":"8192","result_rows":"1","result_bytes":"3765","elapsed_ns":"9641868","memory_usage":"5006838"}
ph01_hour_total	1	a48abdea2f33655362c66c5d108f34804ecab087f55449ed5bac983269d00c7b	1.061138	58016ce5-4b01-47bd-a189-a65df662ac62	{"read_rows":"8192","read_bytes":"286720","written_rows":"0","written_bytes":"0","total_rows_to_read":"8192","result_rows":"1","result_bytes":"1180","elapsed_ns":"6596406","memory_usage":"4638293"}
ph01_hour_total	2	a48abdea2f33655362c66c5d108f34804ecab087f55449ed5bac983269d00c7b	0.358324	ec0117f7-046d-4480-8b63-e9565f641185	{"read_rows":"8192","read_bytes":"286720","written_rows":"0","written_bytes":"0","total_rows_to_read":"8192","result_rows":"1","result_bytes":"1180","elapsed_ns":"6109635","memory_usage":"4638261"}
ph01_hour_total	3	a48abdea2f33655362c66c5d108f34804ecab087f55449ed5bac983269d00c7b	0.361994	d48b7441-4f7d-432a-a2bc-4ea8008f0f27	{"read_rows":"8192","read_bytes":"286720","written_rows":"0","written_bytes":"0","total_rows_to_read":"8192","result_rows":"1","result_bytes":"1180","elapsed_ns":"5951775","memory_usage":"4638229"}
ph02_hour_platform	1	475b7ba818cdfb612acc87513286edce566822f27e9e0cb4d1e98bd73a2a7509	0.455034	4eb3776e-a292-4e20-8bf3-5b3ee5cd2f76	{"read_rows":"8192","read_bytes":"286720","written_rows":"0","written_bytes":"0","total_rows_to_read":"8192","result_rows":"1","result_bytes":"9736","elapsed_ns":"7649317","memory_usage":"4666469"}
ph02_hour_platform	2	475b7ba818cdfb612acc87513286edce566822f27e9e0cb4d1e98bd73a2a7509	1.097707	e4116c53-a117-4312-bece-48503140041b	{"read_rows":"8192","read_bytes":"286720","written_rows":"0","written_bytes":"0","total_rows_to_read":"8192","result_rows":"1","result_bytes":"9736","elapsed_ns":"7238166","memory_usage":"4666341"}
ph02_hour_platform	3	475b7ba818cdfb612acc87513286edce566822f27e9e0cb4d1e98bd73a2a7509	1.172897	a0211303-5698-434d-a3e5-8d2040771065	{"read_rows":"8192","read_bytes":"286720","written_rows":"0","written_bytes":"0","total_rows_to_read":"8192","result_rows":"1","result_bytes":"9736","elapsed_ns":"6747496","memory_usage":"4666373"}
ph03_hour_platform_content	1	3057fbbb57cad079e1c4d3fe1b536691121f0caa9306457e1e0f3737256f8d7d	0.375676	85302816-b696-4b2b-b1d5-432ec75025f5	{"read_rows":"8192","read_bytes":"286720","written_rows":"0","written_bytes":"0","total_rows_to_read":"8192","result_rows":"1","result_bytes":"9512","elapsed_ns":"8952198","memory_usage":"4680725"}
ph03_hour_platform_content	2	3057fbbb57cad079e1c4d3fe1b536691121f0caa9306457e1e0f3737256f8d7d	0.383707	cf1f40ef-1e1f-4172-ad54-ec86da03afac	{"read_rows":"8192","read_bytes":"286720","written_rows":"0","written_bytes":"0","total_rows_to_read":"8192","result_rows":"1","result_bytes":"9512","elapsed_ns":"9323988","memory_usage":"4679461"}
ph03_hour_platform_content	3	3057fbbb57cad079e1c4d3fe1b536691121f0caa9306457e1e0f3737256f8d7d	0.490754	b83e45ce-279e-4dca-a8dc-5b39a63d5912	{"read_rows":"8192","read_bytes":"286720","written_rows":"0","written_bytes":"0","total_rows_to_read":"8192","result_rows":"1","result_bytes":"9512","elapsed_ns":"6675955","memory_usage":"4679301"}
pm01_minute_total_range	1	8e4e215fd9250361295bd4de7072d4d41169122ec8e4f5ff68b0a724943dc474	0.483590	3e69762e-d73d-49aa-a9c0-aacb21ca5d69	{"read_rows":"34815","read_bytes":"597993","written_rows":"0","written_bytes":"0","total_rows_to_read":"34815","result_rows":"1","result_bytes":"1040","elapsed_ns":"26865852","memory_usage":"5764702"}
pm01_minute_total_range	2	8e4e215fd9250361295bd4de7072d4d41169122ec8e4f5ff68b0a724943dc474	1.068472	0a055f31-653c-412c-8a62-2d5136cbe331	{"read_rows":"34815","read_bytes":"597993","written_rows":"0","written_bytes":"0","total_rows_to_read":"34815","result_rows":"1","result_bytes":"1040","elapsed_ns":"28321574","memory_usage":"5764702"}
pm01_minute_total_range	3	8e4e215fd9250361295bd4de7072d4d41169122ec8e4f5ff68b0a724943dc474	1.054318	b413f6c8-c9e2-4c92-ad20-24b2e3c0f1a4	{"read_rows":"34815","read_bytes":"597993","written_rows":"0","written_bytes":"0","total_rows_to_read":"34815","result_rows":"1","result_bytes":"1040","elapsed_ns":"25682312","memory_usage":"5764702"}
pm02_minute_total_direct	1	e772e4c96c13a33c148ab0b17bd7621e7e34a022a3f40f1aba725f2cb2123014	0.422657	c7b74618-cb7f-41dd-b56d-5f3d72928017	{"read_rows":"26622","read_bytes":"319464","written_rows":"0","written_bytes":"0","total_rows_to_read":"26622","result_rows":"1","result_bytes":"136","elapsed_ns":"5094904","memory_usage":"3667381"}
pm02_minute_total_direct	2	e772e4c96c13a33c148ab0b17bd7621e7e34a022a3f40f1aba725f2cb2123014	1.102694	c8e65826-2aa7-4a8e-a77f-ee917786b136	{"read_rows":"26622","read_bytes":"319464","written_rows":"0","written_bytes":"0","total_rows_to_read":"26622","result_rows":"1","result_bytes":"136","elapsed_ns":"6029715","memory_usage":"3667381"}
pm02_minute_total_direct	3	e772e4c96c13a33c148ab0b17bd7621e7e34a022a3f40f1aba725f2cb2123014	0.384718	f1fca56a-f9c8-49a4-8b71-1a1e7c8fcdd6	{"read_rows":"26622","read_bytes":"319464","written_rows":"0","written_bytes":"0","total_rows_to_read":"26622","result_rows":"1","result_bytes":"136","elapsed_ns":"5605515","memory_usage":"3668261"}
pm03_minute_platform_range	1	955be9cbe86aadeb570b630bde8759f8eb96992da1b681b5dca095533f2ad9d2	0.496412	768084c6-b7e0-4dd2-85de-b48fa7a14c6d	{"read_rows":"24577","read_bytes":"491521","written_rows":"0","written_bytes":"0","total_rows_to_read":"24577","result_rows":"1","result_bytes":"5136","elapsed_ns":"28658864","memory_usage":"5758396"}
pm03_minute_platform_range	2	955be9cbe86aadeb570b630bde8759f8eb96992da1b681b5dca095533f2ad9d2	0.390790	e2b9e5af-c90b-4737-99f3-9927199764e0	{"read_rows":"24577","read_bytes":"491521","written_rows":"0","written_bytes":"0","total_rows_to_read":"24577","result_rows":"1","result_bytes":"5136","elapsed_ns":"28672564","memory_usage":"5762212"}
pm03_minute_platform_range	3	955be9cbe86aadeb570b630bde8759f8eb96992da1b681b5dca095533f2ad9d2	1.064426	70b84c45-8f6f-4304-bbac-e11b9e507e36	{"read_rows":"24577","read_bytes":"491521","written_rows":"0","written_bytes":"0","total_rows_to_read":"24577","result_rows":"1","result_bytes":"5136","elapsed_ns":"25198501","memory_usage":"5758300"}
pm04_minute_platform_content_range	1	65e73b1f7a7cd1cf2d77285704eb5b4b3c815072c96105e7748b4df8a562d846	0.414509	01f6486d-6751-4b48-abf4-12933078f4c0	{"read_rows":"16385","read_bytes":"368433","written_rows":"0","written_bytes":"0","total_rows_to_read":"16385","result_rows":"1","result_bytes":"5392","elapsed_ns":"38761512","memory_usage":"5777406"}
pm04_minute_platform_content_range	2	65e73b1f7a7cd1cf2d77285704eb5b4b3c815072c96105e7748b4df8a562d846	0.415977	a17189a7-cc9b-4924-97be-3709574e243e	{"read_rows":"16385","read_bytes":"368433","written_rows":"0","written_bytes":"0","total_rows_to_read":"16385","result_rows":"1","result_bytes":"5392","elapsed_ns":"34756058","memory_usage":"5777118"}
pm04_minute_platform_content_range	3	65e73b1f7a7cd1cf2d77285704eb5b4b3c815072c96105e7748b4df8a562d846	1.074999	4a8005ac-e3f9-47ec-8591-2df120d5a0ff	{"read_rows":"16385","read_bytes":"368433","written_rows":"0","written_bytes":"0","total_rows_to_read":"16385","result_rows":"1","result_bytes":"5392","elapsed_ns":"26252122","memory_usage":"5777118"}
pm05_minute_total_series_lookup	1	e772e4c96c13a33c148ab0b17bd7621e7e34a022a3f40f1aba725f2cb2123014	0.386192	07639821-0def-4287-b2bc-a49ef5dc3d01	{"read_rows":"56146","read_bytes":"449168","written_rows":"0","written_bytes":"0","total_rows_to_read":"56146","result_rows":"1","result_bytes":"136","elapsed_ns":"13687821","memory_usage":"4631504"}
pm05_minute_total_series_lookup	2	e772e4c96c13a33c148ab0b17bd7621e7e34a022a3f40f1aba725f2cb2123014	0.434424	151fce79-da1b-4300-a127-ce25da9f2590	{"read_rows":"56146","read_bytes":"449168","written_rows":"0","written_bytes":"0","total_rows_to_read":"56146","result_rows":"1","result_bytes":"136","elapsed_ns":"13494401","memory_usage":"4630880"}
pm05_minute_total_series_lookup	3	e772e4c96c13a33c148ab0b17bd7621e7e34a022a3f40f1aba725f2cb2123014	0.435023	c406053f-77cc-45cc-b9e9-65724ebc6143	{"read_rows":"56146","read_bytes":"449168","written_rows":"0","written_bytes":"0","total_rows_to_read":"56146","result_rows":"1","result_bytes":"136","elapsed_ns":"36828201","memory_usage":"4657606"}
tr01_trap_dimensioned_view_max	1	0817e5a008d379976fbe771fb726fdf1fde0bd77b2e7b6efbdf061777088c111	0.374089	a656ee51-528d-4376-83cb-da1ece3c6037	{"read_rows":"28073","read_bytes":"617827","written_rows":"0","written_bytes":"0","total_rows_to_read":"28073","result_rows":"1","result_bytes":"272","elapsed_ns":"18522135","memory_usage":"13554442"}
tr01_trap_dimensioned_view_max	2	0817e5a008d379976fbe771fb726fdf1fde0bd77b2e7b6efbdf061777088c111	0.521724	0c2f0ffd-f36e-4ee9-84e9-c4b99fcb6578	{"read_rows":"28073","read_bytes":"617827","written_rows":"0","written_bytes":"0","total_rows_to_read":"28073","result_rows":"1","result_bytes":"272","elapsed_ns":"52067764","memory_usage":"13734046"}
tr01_trap_dimensioned_view_max	3	0817e5a008d379976fbe771fb726fdf1fde0bd77b2e7b6efbdf061777088c111	1.061205	dfd79b92-1427-4d28-91f2-2ca3b4c3d6da	{"read_rows":"28073","read_bytes":"617827","written_rows":"0","written_bytes":"0","total_rows_to_read":"28073","result_rows":"1","result_bytes":"272","elapsed_ns":"24910981","memory_usage":"13529866"}
tr02_trap_changepoint_view_lookup	1	e3b0c44298fc1c149afbf4c8996fb92427ae41e4649b934ca495991b7852b855	0.519390	0853fbfa-95ab-4238-8bf1-5cf2e548627d	{"read_rows":"28073","read_bytes":"336876","written_rows":"0","written_bytes":"0","total_rows_to_read":"28073","result_rows":"0","result_bytes":"0","elapsed_ns":"8571967","memory_usage":"3921299"}
tr02_trap_changepoint_view_lookup	2	e3b0c44298fc1c149afbf4c8996fb92427ae41e4649b934ca495991b7852b855	1.088599	1d10b788-8d01-4ad9-b0ad-81ad980e576f	{"read_rows":"28073","read_bytes":"336876","written_rows":"0","written_bytes":"0","total_rows_to_read":"28073","result_rows":"0","result_bytes":"0","elapsed_ns":"6785156","memory_usage":"3923683"}
tr02_trap_changepoint_view_lookup	3	e3b0c44298fc1c149afbf4c8996fb92427ae41e4649b934ca495991b7852b855	0.405760	d07a01c7-0760-4889-a98e-1f6f26ec01e5	{"read_rows":"28073","read_bytes":"336876","written_rows":"0","written_bytes":"0","total_rows_to_read":"28073","result_rows":"0","result_bytes":"0","elapsed_ns":"7844267","memory_usage":"3921491"}
